width_ratio,height_ratio,area_ratio,aspect_ratio,label,class_name,object_name,object_type,image_name
0.09843,0.08881,0.00874,1.47762,0,VERY_SMALL,shoe_unseen,shoe,synth_shoe_unseen_0_2824.jpg
0.03633,0.13235,0.00481,0.36595,0,VERY_SMALL,bottle_1,bottle,synth_bottle_1_0_5506.jpg
0.04604,0.06615,0.00305,0.9279,0,VERY_SMALL,cup_white,cup,synth_cup_white_0_4657.jpg
0.10256,0.14378,0.01475,0.95105,0,VERY_SMALL,cup_blue,cup,synth_cup_blue_0_2679.jpg
0.05306,0.04467,0.00237,1.58382,0,VERY_SMALL,shoe_unseen,shoe,synth_shoe_unseen_0_9935.jpg
0.03828,0.1385,0.0053,0.36849,0,VERY_SMALL,bottle_2,bottle,synth_bottle_2_0_7912.jpg
0.03507,0.21317,0.00748,0.21937,0,VERY_SMALL,bottle_1,bottle,synth_bottle_1_0_1488.jpg
0.04982,0.14536,0.00724,0.45702,0,VERY_SMALL,bottle_2,bottle,synth_bottle_2_0_4582.jpg
0.09147,0.14227,0.01301,0.8572,0,VERY_SMALL,cup_white,cup,synth_cup_white_0_9279.jpg
0.04326,0.19868,0.00859,0.2903,0,VERY_SMALL,bottle_unseen,bottle,synth_bottle_unseen_0_1434.jpg
0.06776,0.15067,0.01021,0.59964,0,VERY_SMALL,mouse_black,mouse,synth_mouse_black_0_4257.jpg
0.07806,0.14419,0.01126,0.72184,0,VERY_SMALL,book_B_unseen,book,synth_book_B_unseen_0_9928.jpg
0.15825,0.08002,0.01266,2.63667,0,VERY_SMALL,keyboard,keyboard,synth_keyboard_0_4611.jpg
0.06236,0.0813,0.00507,1.02268,0,VERY_SMALL,box_cardboard,box,synth_box_cardboard_0_5557.jpg
0.04268,0.07429,0.00317,0.76598,0,VERY_SMALL,mug_unseen,cup,synth_mug_unseen_0_1106.jpg
0.05051,0.0744,0.00376,0.90527,0,VERY_SMALL,mug_unseen,cup,synth_mug_unseen_0_3615.jpg
0.08083,0.17712,0.01432,0.60849,0,VERY_SMALL,book_B_unseen,book,synth_book_B_unseen_0_7924.jpg
0.06345,0.17199,0.01091,0.49191,0,VERY_SMALL,phone_A,cell phone,synth_phone_A_0_5552.jpg
0.04031,0.06498,0.00262,0.82705,0,VERY_SMALL,cup_blue,cup,synth_cup_blue_0_4527.jpg
0.0945,0.14736,0.01393,0.85504,0,VERY_SMALL,mug_unseen,cup,synth_mug_unseen_0_6514.jpg
0.05688,0.13382,0.00761,0.5667,0,VERY_SMALL,bottle_2,bottle,synth_bottle_2_0_2519.jpg
0.10872,0.049,0.00533,2.95809,0,VERY_SMALL,keyboard,keyboard,synth_keyboard_0_2584.jpg
0.08634,0.22531,0.01945,0.51093,0,VERY_SMALL,phone_A,cell phone,synth_phone_A_0_6635.jpg
0.07039,0.26416,0.01859,0.35527,0,VERY_SMALL,bottle_unseen,bottle,synth_bottle_unseen_0_5333.jpg
0.04433,0.08105,0.00359,0.72918,0,VERY_SMALL,mug_unseen,cup,synth_mug_unseen_0_1711.jpg
0.05421,0.12699,0.00688,0.56917,0,VERY_SMALL,book_B_unseen,book,synth_book_B_unseen_0_8527.jpg
0.08295,0.20395,0.01692,0.54227,0,VERY_SMALL,mouse_black,mouse,synth_mouse_black_0_3045.jpg
0.14359,0.08196,0.01177,2.33582,0,VERY_SMALL,keyboard,keyboard,synth_keyboard_0_2291.jpg
0.04868,0.09319,0.00454,0.69657,0,VERY_SMALL,mouse_black,mouse,synth_mouse_black_0_5803.jpg
0.10883,0.13895,0.01512,1.04439,0,VERY_SMALL,ball_unseen,sports ball,synth_ball_unseen_0_6925.jpg
0.06094,0.26065,0.01588,0.31171,0,VERY_SMALL,bottle_unseen,bottle,synth_bottle_unseen_0_4150.jpg
0.04416,0.09252,0.00409,0.63636,0,VERY_SMALL,book_B_unseen,book,synth_book_B_unseen_0_2139.jpg
0.0601,0.2918,0.01754,0.27459,0,VERY_SMALL,bottle_1,bottle,synth_bottle_1_0_4733.jpg
0.04655,0.06754,0.00314,0.91897,0,VERY_SMALL,mug_unseen,cup,synth_mug_unseen_0_5741.jpg
0.05179,0.14669,0.0076,0.47078,0,VERY_SMALL,bottle_2,bottle,synth_bottle_2_0_4814.jpg
0.09825,0.13716,0.01348,0.95509,0,VERY_SMALL,ball_unseen,sports ball,synth_ball_unseen_0_2654.jpg
0.17563,0.10232,0.01797,2.28865,0,VERY_SMALL,keyboard,keyboard,synth_keyboard_0_5554.jpg
0.11007,0.13481,0.01484,1.08863,0,VERY_SMALL,box_cardboard,box,synth_box_cardboard_0_6977.jpg
0.10847,0.14469,0.01569,0.99954,0,VERY_SMALL,cup_blue,cup,synth_cup_blue_0_7065.jpg
0.06497,0.16759,0.01089,0.51691,0,VERY_SMALL,phone_A,cell phone,synth_phone_A_0_4432.jpg
0.11775,0.0969,0.01141,1.62027,0,VERY_SMALL,shoe_unseen,shoe,synth_shoe_unseen_0_5374.jpg
0.0447,0.08819,0.00394,0.67574,0,VERY_SMALL,book_B_unseen,book,synth_book_B_unseen_0_2169.jpg
0.02251,0.114,0.00257,0.26325,0,VERY_SMALL,bottle_unseen,bottle,synth_bottle_unseen_0_3803.jpg
0.07833,0.1424,0.01115,0.7334,0,VERY_SMALL,mouse_black,mouse,synth_mouse_black_0_5010.jpg
0.10466,0.17519,0.01834,0.79656,0,VERY_SMALL,cup_blue,cup,synth_cup_blue_0_8573.jpg
0.15866,0.09832,0.0156,2.15148,0,VERY_SMALL,keyboard,keyboard,synth_keyboard_0_5422.jpg
0.08721,0.07015,0.00612,1.65757,0,VERY_SMALL,shoe_unseen,shoe,synth_shoe_unseen_0_4598.jpg
0.07705,0.06362,0.0049,1.61463,0,VERY_SMALL,shoe_unseen,shoe,synth_shoe_unseen_0_6313.jpg
0.12001,0.1561,0.01873,1.02507,0,VERY_SMALL,ball_unseen,sports ball,synth_ball_unseen_0_1916.jpg
0.11608,0.15236,0.01769,1.01582,0,VERY_SMALL,cup_white,cup,synth_cup_white_0_1525.jpg
0.10794,0.15255,0.01647,0.94347,0,VERY_SMALL,mug_unseen,cup,synth_mug_unseen_0_6168.jpg
0.18992,0.09546,0.01813,2.65267,0,VERY_SMALL,keyboard,keyboard,synth_keyboard_0_5386.jpg
0.0472,0.16364,0.00772,0.3846,0,VERY_SMALL,bottle_2,bottle,synth_bottle_2_0_4456.jpg
0.0471,0.2057,0.00969,0.30529,0,VERY_SMALL,bottle_unseen,bottle,synth_bottle_unseen_0_6155.jpg
0.08921,0.18747,0.01672,0.63448,0,VERY_SMALL,cup_white,cup,synth_cup_white_0_9179.jpg
0.11028,0.05439,0.006,2.70366,0,VERY_SMALL,keyboard,keyboard,synth_keyboard_0_8517.jpg
0.05284,0.07869,0.00416,0.89529,0,VERY_SMALL,cup_blue,cup,synth_cup_blue_0_5339.jpg
0.0699,0.11184,0.00782,0.83339,0,VERY_SMALL,cup_blue,cup,synth_cup_blue_0_5040.jpg
0.07226,0.15691,0.01134,0.61399,0,VERY_SMALL,book_B_unseen,book,synth_book_B_unseen_0_9830.jpg
0.11031,0.17671,0.01949,0.83232,0,VERY_SMALL,book_A,book,synth_book_A_0_8019.jpg
0.06802,0.28408,0.01932,0.31926,0,VERY_SMALL,bottle_unseen,bottle,synth_bottle_unseen_0_7543.jpg
0.04812,0.15411,0.00742,0.41632,0,VERY_SMALL,phone_A,cell phone,synth_phone_A_0_4593.jpg
0.06781,0.1051,0.00713,0.86023,0,VERY_SMALL,cup_blue,cup,synth_cup_blue_0_9348.jpg
0.09261,0.1193,0.01105,1.03511,0,VERY_SMALL,box_cardboard,box,synth_box_cardboard_0_2489.jpg
0.04352,0.06724,0.00293,0.863,0,VERY_SMALL,mug_unseen,cup,synth_mug_unseen_0_1771.jpg
0.06836,0.09234,0.00631,0.98705,0,VERY_SMALL,ball_unseen,sports ball,synth_ball_unseen_0_2796.jpg
0.05527,0.08337,0.00461,0.88398,0,VERY_SMALL,cup_blue,cup,synth_cup_blue_0_3621.jpg
0.0625,0.10171,0.00636,0.81934,0,VERY_SMALL,mug_unseen,cup,synth_mug_unseen_0_7916.jpg
0.05528,0.25504,0.0141,0.28899,0,VERY_SMALL,bottle_unseen,bottle,synth_bottle_unseen_0_2040.jpg
0.17913,0.08434,0.01511,2.83194,0,VERY_SMALL,keyboard,keyboard,synth_keyboard_0_7252.jpg
0.04932,0.17479,0.00862,0.37621,0,VERY_SMALL,bottle_unseen,bottle,synth_bottle_unseen_0_8668.jpg
0.08154,0.1428,0.01164,0.76139,0,VERY_SMALL,mouse_black,mouse,synth_mouse_black_0_5119.jpg
0.04074,0.08898,0.00363,0.61053,0,VERY_SMALL,mouse_black,mouse,synth_mouse_black_0_1188.jpg
0.08702,0.06156,0.00536,1.88463,0,VERY_SMALL,shoe_unseen,shoe,synth_shoe_unseen_0_2876.jpg
0.0647,0.04226,0.00273,2.04132,0,VERY_SMALL,shoe_unseen,shoe,synth_shoe_unseen_0_9797.jpg
0.03936,0.0584,0.0023,0.89862,0,VERY_SMALL,mug_unseen,cup,synth_mug_unseen_0_5371.jpg
0.08597,0.13049,0.01122,0.87842,0,VERY_SMALL,mug_unseen,cup,synth_mug_unseen_0_6573.jpg
0.03548,0.14483,0.00514,0.32663,0,VERY_SMALL,bottle_2,bottle,synth_bottle_2_0_5808.jpg
0.17369,0.08312,0.01444,2.78616,0,VERY_SMALL,keyboard,keyboard,synth_keyboard_0_3591.jpg
0.06009,0.07447,0.00448,1.07586,0,VERY_SMALL,box_cardboard,box,synth_box_cardboard_0_1053.jpg
0.06323,0.12872,0.00814,0.65503,0,VERY_SMALL,book_B_unseen,book,synth_book_B_unseen_0_5315.jpg
0.08503,0.16324,0.01388,0.69449,0,VERY_SMALL,mouse_black,mouse,synth_mouse_black_0_3927.jpg
0.09754,0.17132,0.01671,0.75911,0,VERY_SMALL,mouse_black,mouse,synth_mouse_black_0_2743.jpg
0.07328,0.0867,0.00635,1.12696,0,VERY_SMALL,ball_unseen,sports ball,synth_ball_unseen_0_5889.jpg
0.05058,0.07267,0.00368,0.928,0,VERY_SMALL,ball_unseen,sports ball,synth_ball_unseen_0_9317.jpg
0.0478,0.17335,0.00829,0.36763,0,VERY_SMALL,bottle_unseen,bottle,synth_bottle_unseen_0_4258.jpg
0.10151,0.14844,0.01507,0.91176,0,VERY_SMALL,cup_blue,cup,synth_cup_blue_0_7126.jpg
0.0495,0.071,0.00351,0.92954,0,VERY_SMALL,mug_unseen,cup,synth_mug_unseen_0_3646.jpg
0.0496,0.09898,0.00491,0.6681,0,VERY_SMALL,mouse_black,mouse,synth_mouse_black_0_9689.jpg
0.02524,0.08578,0.00217,0.39237,0,VERY_SMALL,bottle_1,bottle,synth_bottle_1_0_6310.jpg
0.05685,0.06731,0.00383,1.12622,0,VERY_SMALL,box_cardboard,box,synth_box_cardboard_0_1319.jpg
0.05954,0.24277,0.01445,0.32699,0,VERY_SMALL,bottle_2,bottle,synth_bottle_2_0_6947.jpg
0.10334,0.13291,0.01374,1.03673,0,VERY_SMALL,ball_unseen,sports ball,synth_ball_unseen_0_6038.jpg
0.06151,0.10194,0.00627,0.80455,0,VERY_SMALL,cup_white,cup,synth_cup_white_0_1949.jpg
0.07588,0.10355,0.00786,0.977,0,VERY_SMALL,cup_white,cup,synth_cup_white_0_2290.jpg
0.07856,0.22002,0.01729,0.4761,0,VERY_SMALL,bottle_2,bottle,synth_bottle_2_0_8962.jpg
0.09964,0.13887,0.01384,0.95662,0,VERY_SMALL,ball_unseen,sports ball,synth_ball_unseen_0_2133.jpg
0.07339,0.11745,0.00862,0.83313,0,VERY_SMALL,mug_unseen,cup,synth_mug_unseen_0_9727.jpg
0.06758,0.10023,0.00677,0.89908,0,VERY_SMALL,mug_unseen,cup,synth_mug_unseen_0_3060.jpg
0.09098,0.14685,0.01336,0.82604,0,VERY_SMALL,cup_blue,cup,synth_cup_blue_0_8787.jpg
0.21001,0.32231,0.06769,0.86875,1,SMALL,mouse_black,mouse,synth_mouse_black_1_3705.jpg
0.16443,0.30136,0.04955,0.7275,1,SMALL,book_A,book,synth_book_A_1_9645.jpg
0.15047,0.21077,0.03171,0.95185,1,SMALL,ball_unseen,sports ball,synth_ball_unseen_1_7932.jpg
0.12672,0.16934,0.02146,0.99772,1,SMALL,cup_white,cup,synth_cup_white_1_9835.jpg
0.18875,0.31115,0.05873,0.80883,1,SMALL,mug_unseen,cup,synth_mug_unseen_1_4295.jpg
0.20691,0.37697,0.078,0.73182,1,SMALL,book_B_unseen,book,synth_book_B_unseen_1_6107.jpg
0.37924,0.20519,0.07782,2.46426,1,SMALL,keyboard,keyboard,synth_keyboard_1_7118.jpg
0.19832,0.21736,0.04311,1.21656,1,SMALL,box_cardboard,box,synth_box_cardboard_1_9479.jpg
0.22633,0.314,0.07107,0.96109,1,SMALL,box_cardboard,box,synth_box_cardboard_1_2982.jpg
0.18438,0.28966,0.05341,0.8487,1,SMALL,cup_white,cup,synth_cup_white_1_4681.jpg
0.15815,0.48164,0.07617,0.4378,1,SMALL,bottle_2,bottle,synth_bottle_2_1_6539.jpg
0.09213,0.28037,0.02583,0.43815,1,SMALL,bottle_1,bottle,synth_bottle_1_1_4770.jpg
0.12434,0.45761,0.0569,0.3623,1,SMALL,bottle_unseen,bottle,synth_bottle_unseen_1_4608.jpg
0.13054,0.49368,0.06445,0.35257,1,SMALL,bottle_1,bottle,synth_bottle_1_1_2163.jpg
0.16857,0.36674,0.06182,0.61287,1,SMALL,book_B_unseen,book,synth_book_B_unseen_1_1964.jpg
0.17114,0.21979,0.03762,1.0382,1,SMALL,cup_white,cup,synth_cup_white_1_2104.jpg
0.13704,0.5003,0.06856,0.36522,1,SMALL,bottle_1,bottle,synth_bottle_1_1_6413.jpg
0.15266,0.48995,0.07479,0.41543,1,SMALL,bottle_2,bottle,synth_bottle_2_1_9423.jpg
0.19918,0.25445,0.05068,1.04374,1,SMALL,cup_white,cup,synth_cup_white_1_5562.jpg
0.27438,0.21502,0.059,1.70146,1,SMALL,shoe_unseen,shoe,synth_shoe_unseen_1_8953.jpg
0.20739,0.29952,0.06212,0.92323,1,SMALL,cup_white,cup,synth_cup_white_1_9834.jpg
0.1619,0.2488,0.04028,0.86762,1,SMALL,cup_blue,cup,synth_cup_blue_1_8744.jpg
0.17099,0.24876,0.04253,0.9165,1,SMALL,cup_white,cup,synth_cup_white_1_8749.jpg
0.11111,0.1994,0.02216,0.74297,1,SMALL,mug_unseen,cup,synth_mug_unseen_1_7669.jpg
0.16102,0.29771,0.04794,0.72115,1,SMALL,cup_white,cup,synth_cup_white_1_2545.jpg
0.13239,0.41884,0.05545,0.42144,1,SMALL,bottle_2,bottle,synth_bottle_2_1_8062.jpg
0.08634,0.25283,0.02183,0.45534,1,SMALL,phone_A,cell phone,synth_phone_A_1_7939.jpg
0.31022,0.16548,0.05133,2.49955,1,SMALL,keyboard,keyboard,synth_keyboard_1_8651.jpg
0.22586,0.2931,0.0662,1.02748,1,SMALL,ball_unseen,sports ball,synth_ball_unseen_1_1887.jpg
0.16505,0.1522,0.02512,1.44583,1,SMALL,shoe_unseen,shoe,synth_shoe_unseen_1_2612.jpg
0.09019,0.25615,0.0231,0.46945,1,SMALL,bottle_1,bottle,synth_bottle_1_1_7596.jpg
0.188,0.30983,0.05825,0.80904,1,SMALL,book_B_unseen,book,synth_book_B_unseen_1_6559.jpg
0.19788,0.32123,0.06357,0.82136,1,SMALL,mug_unseen,cup,synth_mug_unseen_1_2790.jpg
0.16699,0.23581,0.03938,0.94421,1,SMALL,cup_white,cup,synth_cup_white_1_4139.jpg
0.20844,0.32485,0.06771,0.85555,1,SMALL,cup_white,cup,synth_cup_white_1_9786.jpg
0.12548,0.19691,0.02471,0.84963,1,SMALL,box_cardboard,box,synth_box_cardboard_1_3296.jpg
0.19552,0.11007,0.02152,2.36845,1,SMALL,keyboard,keyboard,synth_keyboard_1_4006.jpg
0.13944,0.21799,0.0304,0.8529,1,SMALL,book_A,book,synth_book_A_1_8579.jpg
0.1433,0.20506,0.02939,0.93178,1,SMALL,cup_white,cup,synth_cup_white_1_2235.jpg
0.20117,0.31255,0.06288,0.85817,1,SMALL,box_cardboard,box,synth_box_cardboard_1_2604.jpg
0.12842,0.4642,0.05961,0.36886,1,SMALL,bottle_1,bottle,synth_bottle_1_1_9856.jpg
0.21457,0.26427,0.0567,1.08257,1,SMALL,ball_unseen,sports ball,synth_ball_unseen_1_1241.jpg
0.10985,0.41125,0.04518,0.35616,1,SMALL,bottle_2,bottle,synth_bottle_2_1_4872.jpg
0.18829,0.34771,0.06547,0.72201,1,SMALL,cup_blue,cup,synth_cup_blue_1_7658.jpg
0.12906,0.16166,0.02086,1.06439,1,SMALL,box_cardboard,box,synth_box_cardboard_1_8886.jpg
0.14524,0.17812,0.02587,1.0872,1,SMALL,cup_white,cup,synth_cup_white_1_7570.jpg
0.1029,0.481,0.0495,0.28525,1,SMALL,bottle_1,bottle,synth_bottle_1_1_3697.jpg
0.29778,0.15458,0.04603,2.56846,1,SMALL,keyboard,keyboard,synth_keyboard_1_1035.jpg
0.3176,0.13826,0.04391,3.06292,1,SMALL,keyboard,keyboard,synth_keyboard_1_5345.jpg
0.12649,0.1796,0.02272,0.93909,1,SMALL,mug_unseen,cup,synth_mug_unseen_1_8454.jpg
0.15194,0.27956,0.04248,0.72468,1,SMALL,book_A,book,synth_book_A_1_7930.jpg
0.21262,0.33575,0.07139,0.84436,1,SMALL,book_B_unseen,book,synth_book_B_unseen_1_8973.jpg
0.19246,0.30927,0.05952,0.82975,1,SMALL,cup_blue,cup,synth_cup_blue_1_4111.jpg
0.17315,0.31849,0.05515,0.72487,1,SMALL,book_A,book,synth_book_A_1_4566.jpg
0.12092,0.63194,0.07641,0.25513,1,SMALL,bottle_1,bottle,synth_bottle_1_1_9883.jpg
0.13489,0.4344,0.0586,0.41403,1,SMALL,bottle_1,bottle,synth_bottle_1_1_6138.jpg
0.11701,0.40591,0.0475,0.38434,1,SMALL,bottle_1,bottle,synth_bottle_1_1_1821.jpg
0.10223,0.42223,0.04317,0.32284,1,SMALL,bottle_unseen,bottle,synth_bottle_unseen_1_8811.jpg
0.18867,0.41167,0.07767,0.61109,1,SMALL,mouse_black,mouse,synth_mouse_black_1_9701.jpg
0.15988,0.24481,0.03914,0.87076,1,SMALL,cup_blue,cup,synth_cup_blue_1_1931.jpg
0.17839,0.39628,0.07069,0.60022,1,SMALL,mouse_black,mouse,synth_mouse_black_1_2312.jpg
0.21338,0.28965,0.0618,0.98223,1,SMALL,ball_unseen,sports ball,synth_ball_unseen_1_4044.jpg
0.13514,0.42725,0.05774,0.42172,1,SMALL,bottle_2,bottle,synth_bottle_2_1_2113.jpg
0.30482,0.22377,0.06821,1.81626,1,SMALL,shoe_unseen,shoe,synth_shoe_unseen_1_4853.jpg
0.27673,0.13342,0.03692,2.76552,1,SMALL,keyboard,keyboard,synth_keyboard_1_2964.jpg
0.12232,0.55929,0.06841,0.29159,1,SMALL,bottle_unseen,bottle,synth_bottle_unseen_1_5033.jpg
0.12167,0.65284,0.07943,0.24849,1,SMALL,bottle_unseen,bottle,synth_bottle_unseen_1_1651.jpg
0.11637,0.57218,0.06658,0.27118,1,SMALL,bottle_unseen,bottle,synth_bottle_unseen_1_2343.jpg
0.30497,0.13263,0.04045,3.06586,1,SMALL,keyboard,keyboard,synth_keyboard_1_9565.jpg
0.15298,0.42669,0.06527,0.47802,1,SMALL,phone_A,cell phone,synth_phone_A_1_5272.jpg
0.13304,0.19683,0.02619,0.90121,1,SMALL,cup_white,cup,synth_cup_white_1_6147.jpg
0.22766,0.30566,0.06959,0.99309,1,SMALL,cup_white,cup,synth_cup_white_1_5351.jpg
0.27265,0.14379,0.0392,2.52823,1,SMALL,keyboard,keyboard,synth_keyboard_1_3144.jpg
0.17022,0.12132,0.02065,1.87079,1,SMALL,shoe_unseen,shoe,synth_shoe_unseen_1_5915.jpg
0.243,0.30585,0.07432,1.05934,1,SMALL,box_cardboard,box,synth_box_cardboard_1_6180.jpg
0.21017,0.36639,0.077,0.76482,1,SMALL,mug_unseen,cup,synth_mug_unseen_1_2188.jpg
0.16046,0.48011,0.07704,0.44562,1,SMALL,bottle_1,bottle,synth_bottle_1_1_8508.jpg
0.11295,0.41531,0.04691,0.36261,1,SMALL,bottle_unseen,bottle,synth_bottle_unseen_1_2638.jpg
0.1154,0.32577,0.03759,0.4723,1,SMALL,bottle_2,bottle,synth_bottle_2_1_9808.jpg
0.19526,0.33363,0.06514,0.78033,1,SMALL,cup_white,cup,synth_cup_white_1_9288.jpg
0.18335,0.36813,0.06749,0.66407,1,SMALL,book_A,book,synth_book_A_1_3170.jpg
0.14088,0.37601,0.05297,0.49956,1,SMALL,phone_A,cell phone,synth_phone_A_1_2127.jpg
0.17408,0.26707,0.04649,0.86909,1,SMALL,cup_white,cup,synth_cup_white_1_7054.jpg
0.12608,0.21434,0.02702,0.78431,1,SMALL,book_A,book,synth_book_A_1_3584.jpg
0.15985,0.17879,0.02858,1.19208,1,SMALL,box_cardboard,box,synth_box_cardboard_1_9900.jpg
0.1231,0.21176,0.02607,0.77505,1,SMALL,book_B_unseen,book,synth_book_B_unseen_1_5956.jpg
0.0754,0.33217,0.02505,0.30267,1,SMALL,bottle_unseen,bottle,synth_bottle_unseen_1_9666.jpg
0.13684,0.50653,0.06931,0.36019,1,SMALL,bottle_1,bottle,synth_bottle_1_1_5905.jpg
0.30055,0.20754,0.06237,1.93087,1,SMALL,shoe_unseen,shoe,synth_shoe_unseen_1_2697.jpg
0.21501,0.35735,0.07683,0.80226,1,SMALL,cup_blue,cup,synth_cup_blue_1_5333.jpg
0.14623,0.54136,0.07916,0.36015,1,SMALL,bottle_2,bottle,synth_bottle_2_1_2753.jpg
0.12059,0.2074,0.02501,0.77521,1,SMALL,book_B_unseen,book,synth_book_B_unseen_1_3546.jpg
0.16684,0.39936,0.06663,0.55703,1,SMALL,book_A,book,synth_book_A_1_5616.jpg
0.14613,0.509,0.07438,0.3828,1,SMALL,bottle_unseen,bottle,synth_bottle_unseen_1_4450.jpg
0.1148,0.23233,0.02667,0.65884,1,SMALL,book_B_unseen,book,synth_book_B_unseen_1_6617.jpg
0.18018,0.26707,0.04812,0.89954,1,SMALL,cup_white,cup,synth_cup_white_1_5325.jpg
0.1148,0.20364,0.02338,0.75169,1,SMALL,mouse_black,mouse,synth_mouse_black_1_9004.jpg
0.17957,0.3063,0.055,0.78167,1,SMALL,book_A,book,synth_book_A_1_1832.jpg
0.13514,0.57519,0.07773,0.31326,1,SMALL,bottle_2,bottle,synth_bottle_2_1_7939.jpg
0.22761,0.31685,0.07212,0.95779,1,SMALL,ball_unseen,sports ball,synth_ball_unseen_1_5533.jpg
0.16829,0.6348,0.10683,0.35348,2,MEDIUM,bottle_1,bottle,synth_bottle_1_2_1058.jpg
0.28641,0.69536,0.19916,0.54918,2,MEDIUM,phone_A,cell phone,synth_phone_A_2_3143.jpg
0.34584,0.25693,0.08886,1.79473,2,MEDIUM,shoe_unseen,shoe,synth_shoe_unseen_2_5291.jpg
0.30265,0.47173,0.14277,0.85544,2,MEDIUM,cup_blue,cup,synth_cup_blue_2_8239.jpg
0.26793,0.58047,0.15553,0.61544,2,MEDIUM,mouse_black,mouse,synth_mouse_black_2_8007.jpg
0.30503,0.50915,0.15531,0.7988,2,MEDIUM,mouse_black,mouse,synth_mouse_black_2_1158.jpg
0.21044,0.71334,0.15012,0.39334,2,MEDIUM,bottle_2,bottle,synth_bottle_2_2_2232.jpg
0.29439,0.52452,0.15442,0.74834,2,MEDIUM,book_B_unseen,book,synth_book_B_unseen_2_3442.jpg
0.23271,0.48681,0.11329,0.63738,2,MEDIUM,mouse_black,mouse,synth_mouse_black_2_1590.jpg
0.29254,0.41841,0.1224,0.93225,2,MEDIUM,ball_unseen,sports ball,synth_ball_unseen_2_7049.jpg
0.16553,0.90642,0.15004,0.24349,2,MEDIUM,bottle_unseen,bottle,synth_bottle_unseen_2_3426.jpg
0.60076,0.29572,0.17766,2.70874,2,MEDIUM,keyboard,keyboard,synth_keyboard_2_3088.jpg
0.21698,0.74738,0.16217,0.3871,2,MEDIUM,bottle_1,bottle,synth_bottle_1_2_6050.jpg
0.23671,0.55,0.13019,0.57383,2,MEDIUM,phone_A,cell phone,synth_phone_A_2_1653.jpg
0.26729,0.71805,0.19193,0.49632,2,MEDIUM,phone_A,cell phone,synth_phone_A_2_4441.jpg
0.46745,0.37922,0.17727,1.64356,2,MEDIUM,shoe_unseen,shoe,synth_shoe_unseen_2_5088.jpg
0.51171,0.38786,0.19847,1.7591,2,MEDIUM,shoe_unseen,shoe,synth_shoe_unseen_2_2684.jpg
0.20486,0.61363,0.12571,0.44513,2,MEDIUM,phone_A,cell phone,synth_phone_A_2_7658.jpg
0.22081,0.8894,0.19639,0.33103,2,MEDIUM,bottle_unseen,bottle,synth_bottle_unseen_2_3532.jpg
0.30792,0.44247,0.13624,0.92787,2,MEDIUM,cup_white,cup,synth_cup_white_2_3662.jpg
0.28082,0.46213,0.12978,0.81022,2,MEDIUM,mug_unseen,cup,synth_mug_unseen_2_3900.jpg
0.5967,0.30797,0.18377,2.58335,2,MEDIUM,keyboard,keyboard,synth_keyboard_2_1406.jpg
0.36521,0.48616,0.17755,1.00162,2,MEDIUM,cup_blue,cup,synth_cup_blue_2_6442.jpg
0.35072,0.55136,0.19337,0.84812,2,MEDIUM,mug_unseen,cup,synth_mug_unseen_2_7745.jpg
0.32872,0.55353,0.18196,0.79183,2,MEDIUM,mug_unseen,cup,synth_mug_unseen_2_5065.jpg
0.20593,0.46375,0.0955,0.59207,2,MEDIUM,book_A,book,synth_book_A_2_3608.jpg
0.31881,0.61003,0.19449,0.69683,2,MEDIUM,mug_unseen,cup,synth_mug_unseen_2_2771.jpg
0.57665,0.27851,0.1606,2.76065,2,MEDIUM,keyboard,keyboard,synth_keyboard_2_1634.jpg
0.33293,0.46308,0.15418,0.95861,2,MEDIUM,ball_unseen,sports ball,synth_ball_unseen_2_8711.jpg
0.32363,0.49621,0.16059,0.86961,2,MEDIUM,cup_white,cup,synth_cup_white_2_4269.jpg
0.32778,0.43455,0.14244,1.00574,2,MEDIUM,ball_unseen,sports ball,synth_ball_unseen_2_8541.jpg
0.28098,0.64866,0.18226,0.57756,2,MEDIUM,phone_A,cell phone,synth_phone_A_2_6000.jpg
0.33956,0.43064,0.14623,1.05133,2,MEDIUM,ball_unseen,sports ball,synth_ball_unseen_2_4728.jpg
0.29712,0.43221,0.12842,0.91661,2,MEDIUM,cup_white,cup,synth_cup_white_2_1387.jpg
0.37943,0.25323,0.09608,1.99781,2,MEDIUM,shoe_unseen,shoe,synth_shoe_unseen_2_4164.jpg
0.47611,0.2217,0.10556,2.86335,2,MEDIUM,keyboard,keyboard,synth_keyboard_2_6378.jpg
0.20501,0.47005,0.09636,0.58153,2,MEDIUM,book_A,book,synth_book_A_2_2137.jpg
0.30725,0.43123,0.1325,0.94999,2,MEDIUM,mug_unseen,cup,synth_mug_unseen_2_5573.jpg
0.26852,0.702,0.1885,0.51001,2,MEDIUM,phone_A,cell phone,synth_phone_A_2_9346.jpg
0.50435,0.34508,0.17404,1.94874,2,MEDIUM,keyboard,keyboard,synth_keyboard_2_9785.jpg
0.22922,0.55661,0.12759,0.54908,2,MEDIUM,phone_A,cell phone,synth_phone_A_2_1452.jpg
0.24712,0.78481,0.19394,0.41984,2,MEDIUM,bottle_2,bottle,synth_bottle_2_2_5279.jpg
0.24929,0.39171,0.09765,0.84853,2,MEDIUM,cup_blue,cup,synth_cup_blue_2_5349.jpg
0.18014,0.61614,0.11099,0.38982,2,MEDIUM,bottle_1,bottle,synth_bottle_1_2_2776.jpg
0.17999,0.75056,0.1351,0.31975,2,MEDIUM,bottle_unseen,bottle,synth_bottle_unseen_2_8119.jpg
0.21587,0.55335,0.11945,0.52016,2,MEDIUM,phone_A,cell phone,synth_phone_A_2_6139.jpg
0.54763,0.28488,0.15601,2.56313,2,MEDIUM,keyboard,keyboard,synth_keyboard_2_9379.jpg
0.16827,0.56732,0.09547,0.39548,2,MEDIUM,bottle_2,bottle,synth_bottle_2_2_7311.jpg
0.14049,0.67881,0.09537,0.27595,2,MEDIUM,bottle_unseen,bottle,synth_bottle_unseen_2_4114.jpg
0.26297,0.46195,0.12148,0.75901,2,MEDIUM,book_A,book,synth_book_A_2_1727.jpg
0.34048,0.55103,0.18761,0.82386,2,MEDIUM,book_B_unseen,book,synth_book_B_unseen_2_8144.jpg
0.15882,0.63393,0.10068,0.33403,2,MEDIUM,bottle_1,bottle,synth_bottle_1_2_9518.jpg
0.24024,0.42904,0.10307,0.74661,2,MEDIUM,mug_unseen,cup,synth_mug_unseen_2_9821.jpg
0.32859,0.27586,0.09064,1.58819,2,MEDIUM,shoe_unseen,shoe,synth_shoe_unseen_2_4228.jpg
0.17421,0.54232,0.09448,0.4283,2,MEDIUM,phone_A,cell phone,synth_phone_A_2_8066.jpg
0.18986,0.65159,0.12371,0.38851,2,MEDIUM,bottle_2,bottle,synth_bottle_2_2_6409.jpg
0.1824,0.7698,0.14041,0.31592,2,MEDIUM,bottle_unseen,bottle,synth_bottle_unseen_2_6143.jpg
0.47479,0.37054,0.17593,1.70843,2,MEDIUM,shoe_unseen,shoe,synth_shoe_unseen_2_3041.jpg
0.29355,0.52921,0.15535,0.73959,2,MEDIUM,book_B_unseen,book,synth_book_B_unseen_2_5920.jpg
0.2765,0.61407,0.16979,0.60037,2,MEDIUM,mouse_black,mouse,synth_mouse_black_2_6067.jpg
0.34907,0.29262,0.10214,1.59054,2,MEDIUM,shoe_unseen,shoe,synth_shoe_unseen_2_7691.jpg
0.21317,0.64804,0.13814,0.4386,2,MEDIUM,phone_A,cell phone,synth_phone_A_2_7592.jpg
0.27123,0.56849,0.15419,0.63614,2,MEDIUM,book_B_unseen,book,synth_book_B_unseen_2_5844.jpg
0.24578,0.69044,0.1697,0.47463,2,MEDIUM,mouse_black,mouse,synth_mouse_black_2_3085.jpg
0.24972,0.33798,0.0844,0.98514,2,MEDIUM,cup_white,cup,synth_cup_white_2_7888.jpg
0.45956,0.40784,0.18742,1.50241,2,MEDIUM,shoe_unseen,shoe,synth_shoe_unseen_2_7211.jpg
0.39958,0.35387,0.1414,1.50555,2,MEDIUM,shoe_unseen,shoe,synth_shoe_unseen_2_3851.jpg
0.18001,0.74267,0.13369,0.32318,2,MEDIUM,bottle_unseen,bottle,synth_bottle_unseen_2_5930.jpg
0.50437,0.28534,0.14391,2.35685,2,MEDIUM,keyboard,keyboard,synth_keyboard_2_9977.jpg
0.29951,0.41826,0.12527,0.95477,2,MEDIUM,ball_unseen,sports ball,synth_ball_unseen_2_1006.jpg
0.19812,0.41594,0.08241,0.6351,2,MEDIUM,book_A,book,synth_book_A_2_5700.jpg
0.27326,0.43658,0.1193,0.83456,2,MEDIUM,cup_white,cup,synth_cup_white_2_8043.jpg
0.24378,0.38712,0.09437,0.83964,2,MEDIUM,mug_unseen,cup,synth_mug_unseen_2_6279.jpg
0.38701,0.41729,0.16149,1.23658,2,MEDIUM,box_cardboard,box,synth_box_cardboard_2_8238.jpg
0.3563,0.49032,0.1747,0.9689,2,MEDIUM,box_cardboard,box,synth_box_cardboard_2_4501.jpg
0.26532,0.54446,0.14445,0.64974,2,MEDIUM,mouse_black,mouse,synth_mouse_black_2_8752.jpg
0.29671,0.50696,0.15042,0.78035,2,MEDIUM,mug_unseen,cup,synth_mug_unseen_2_3780.jpg
0.37965,0.25104,0.09531,2.01641,2,MEDIUM,shoe_unseen,shoe,synth_shoe_unseen_2_2389.jpg
0.26672,0.42761,0.11405,0.83166,2,MEDIUM,book_A,book,synth_book_A_2_9445.jpg
0.4002,0.37105,0.14849,1.43807,2,MEDIUM,shoe_unseen,shoe,synth_shoe_unseen_2_6491.jpg
0.19228,0.63829,0.12273,0.40166,2,MEDIUM,bottle_2,bottle,synth_bottle_2_2_4848.jpg
0.37466,0.28951,0.10847,1.72547,2,MEDIUM,shoe_unseen,shoe,synth_shoe_unseen_2_6085.jpg
0.24306,0.37939,0.09221,0.85419,2,MEDIUM,cup_white,cup,synth_cup_white_2_4262.jpg
0.24214,0.41002,0.09928,0.7874,2,MEDIUM,cup_blue,cup,synth_cup_blue_2_1400.jpg
0.15393,0.66515,0.10239,0.30857,2,MEDIUM,bottle_1,bottle,synth_bottle_1_2_5011.jpg
0.37851,0.49565,0.18761,1.01822,2,MEDIUM,box_cardboard,box,synth_box_cardboard_2_2193.jpg
0.2207,0.40611,0.08963,0.72459,2,MEDIUM,box_cardboard,box,synth_box_cardboard_2_7790.jpg
0.52214,0.37899,0.19789,1.83693,2,MEDIUM,shoe_unseen,shoe,synth_shoe_unseen_2_4185.jpg
0.22265,0.4197,0.09344,0.70732,2,MEDIUM,book_B_unseen,book,synth_book_B_unseen_2_7291.jpg
0.38721,0.47484,0.18386,1.08726,2,MEDIUM,box_cardboard,box,synth_box_cardboard_2_7547.jpg
0.33244,0.53559,0.17805,0.8276,2,MEDIUM,cup_white,cup,synth_cup_white_2_3417.jpg
0.43761,0.36617,0.16024,1.59348,2,MEDIUM,shoe_unseen,shoe,synth_shoe_unseen_2_1090.jpg
0.37974,0.50436,0.19153,1.0039,2,MEDIUM,mug_unseen,cup,synth_mug_unseen_2_2746.jpg
0.28685,0.39602,0.1136,0.96577,2,MEDIUM,mug_unseen,cup,synth_mug_unseen_2_7965.jpg
0.3302,0.52192,0.17234,0.84354,2,MEDIUM,cup_white,cup,synth_cup_white_2_3881.jpg
0.26783,0.48931,0.13105,0.72982,2,MEDIUM,mug_unseen,cup,synth_mug_unseen_2_9486.jpg
0.33013,0.42685,0.14091,1.03121,2,MEDIUM,box_cardboard,box,synth_box_cardboard_2_1822.jpg
0.26814,0.57161,0.15327,0.62546,2,MEDIUM,mouse_black,mouse,synth_mouse_black_2_5082.jpg
0.28475,0.40259,0.11464,0.94304,2,MEDIUM,ball_unseen,sports ball,synth_ball_unseen_2_2988.jpg
0.34319,0.40134,0.13774,1.14016,2,MEDIUM,box_cardboard,box,synth_box_cardboard_2_3184.jpg
0.43062,0.7118,0.30652,0.80663,3,LARGE,mug_unseen,cup,synth_mug_unseen_3_8612.jpg
0.52479,0.43233,0.22688,1.61851,3,LARGE,shoe_unseen,shoe,synth_shoe_unseen_3_9702.jpg
0.30983,0.68641,0.21267,0.60184,3,LARGE,mouse_black,mouse,synth_mouse_black_3_6198.jpg
0.47337,0.71043,0.3363,0.88842,3,LARGE,mug_unseen,cup,synth_mug_unseen_3_8251.jpg
0.27722,0.98,0.27168,0.37717,3,LARGE,bottle_unseen,bottle,synth_bottle_unseen_3_9270.jpg
0.83979,0.33624,0.28237,3.33015,3,LARGE,keyboard,keyboard,synth_keyboard_3_9976.jpg
0.47719,0.56533,0.26977,1.12546,3,LARGE,box_cardboard,box,synth_box_cardboard_3_3607.jpg
0.3487,0.6775,0.23625,0.68626,3,LARGE,book_B_unseen,book,synth_book_B_unseen_3_8777.jpg
0.43322,0.49235,0.2133,1.17321,3,LARGE,box_cardboard,box,synth_box_cardboard_3_5246.jpg
0.51559,0.71445,0.36837,0.96221,3,LARGE,mug_unseen,cup,synth_mug_unseen_3_5050.jpg
0.40729,0.55969,0.22795,0.97027,3,LARGE,ball_unseen,sports ball,synth_ball_unseen_3_5543.jpg
0.39035,0.59621,0.23273,0.87295,3,LARGE,mug_unseen,cup,synth_mug_unseen_3_9540.jpg
0.45425,0.51261,0.23285,1.18152,3,LARGE,box_cardboard,box,synth_box_cardboard_3_4919.jpg
0.42826,0.71128,0.30461,0.80279,3,LARGE,book_A,book,synth_book_A_3_8206.jpg
0.27969,0.97168,0.27177,0.38379,3,LARGE,bottle_2,bottle,synth_bottle_2_3_5681.jpg
0.52064,0.69784,0.36332,0.99476,3,LARGE,cup_white,cup,synth_cup_white_3_5451.jpg
0.31723,0.90732,0.28783,0.46618,3,LARGE,phone_A,cell phone,synth_phone_A_3_6238.jpg
0.3034,0.85785,0.26028,0.47157,3,LARGE,mouse_black,mouse,synth_mouse_black_3_2320.jpg
0.42591,0.82066,0.34952,0.69197,3,LARGE,cup_blue,cup,synth_cup_blue_3_3471.jpg
0.50685,0.74956,0.37991,0.90161,3,LARGE,cup_white,cup,synth_cup_white_3_7275.jpg
0.39259,0.70501,0.27678,0.74247,3,LARGE,book_B_unseen,book,synth_book_B_unseen_3_3503.jpg
0.40903,0.7942,0.32485,0.68669,3,LARGE,book_B_unseen,book,synth_book_B_unseen_3_4505.jpg
0.26206,0.85241,0.22338,0.40991,3,LARGE,bottle_2,bottle,synth_bottle_2_3_7797.jpg
0.74484,0.35844,0.26698,2.77068,3,LARGE,keyboard,keyboard,synth_keyboard_3_6421.jpg
0.34357,0.66319,0.22785,0.69075,3,LARGE,mouse_black,mouse,synth_mouse_black_3_8633.jpg
0.82712,0.3708,0.30669,2.9742,3,LARGE,keyboard,keyboard,synth_keyboard_3_2020.jpg
0.49176,0.77025,0.37878,0.85126,3,LARGE,cup_white,cup,synth_cup_white_3_7883.jpg
0.73172,0.35853,0.26234,2.72115,3,LARGE,keyboard,keyboard,synth_keyboard_3_1320.jpg
0.44879,0.55638,0.2497,1.07549,3,LARGE,ball_unseen,sports ball,synth_ball_unseen_3_7232.jpg
0.57153,0.65675,0.37535,1.16031,3,LARGE,box_cardboard,box,synth_box_cardboard_3_1096.jpg
0.33706,0.79634,0.26842,0.56435,3,LARGE,phone_A,cell phone,synth_phone_A_3_5892.jpg
0.36679,0.62701,0.22998,0.77998,3,LARGE,mug_unseen,cup,synth_mug_unseen_3_7389.jpg
0.43963,0.55922,0.24585,1.04819,3,LARGE,ball_unseen,sports ball,synth_ball_unseen_3_7865.jpg
0.4233,0.7754,0.32823,0.72788,3,LARGE,mouse_black,mouse,synth_mouse_black_3_9947.jpg
0.41356,0.81921,0.33879,0.6731,3,LARGE,mug_unseen,cup,synth_mug_unseen_3_4613.jpg
0.48015,0.56053,0.26914,1.14214,3,LARGE,box_cardboard,box,synth_box_cardboard_3_4595.jpg
0.3606,0.65535,0.23632,0.73365,3,LARGE,book_A,book,synth_book_A_3_8140.jpg
0.50742,0.55214,0.28017,1.22533,3,LARGE,box_cardboard,box,synth_box_cardboard_3_1475.jpg
0.76293,0.38326,0.2924,2.65416,3,LARGE,keyboard,keyboard,synth_keyboard_3_6507.jpg
0.73398,0.4391,0.32229,2.22871,3,LARGE,shoe_unseen,shoe,synth_shoe_unseen_3_7624.jpg
0.35057,0.58083,0.20362,0.80475,3,LARGE,book_B_unseen,book,synth_book_B_unseen_3_3704.jpg
0.54487,0.70567,0.3845,1.02951,3,LARGE,ball_unseen,sports ball,synth_ball_unseen_3_8657.jpg
0.47337,0.72131,0.34145,0.87502,3,LARGE,cup_blue,cup,synth_cup_blue_3_9751.jpg
0.26574,0.98,0.26043,0.36155,3,LARGE,bottle_1,bottle,synth_bottle_1_3_7455.jpg
0.26444,0.98,0.25915,0.35978,3,LARGE,bottle_unseen,bottle,synth_bottle_unseen_3_1444.jpg
0.34245,0.98,0.3356,0.46591,3,LARGE,bottle_2,bottle,synth_bottle_2_3_8022.jpg
0.49013,0.59202,0.29017,1.10387,3,LARGE,cup_blue,cup,synth_cup_blue_3_8564.jpg
0.43516,0.64298,0.2798,0.9024,3,LARGE,cup_blue,cup,synth_cup_blue_3_1823.jpg
0.35703,0.59085,0.21095,0.80568,3,LARGE,book_A,book,synth_book_A_3_7211.jpg
0.26638,0.7543,0.20093,0.47086,3,LARGE,phone_A,cell phone,synth_phone_A_3_4467.jpg
0.49558,0.53816,0.2667,1.22784,3,LARGE,box_cardboard,box,synth_box_cardboard_3_6355.jpg
0.33253,0.98,0.32587,0.45242,3,LARGE,phone_A,cell phone,synth_phone_A_3_7211.jpg
0.40734,0.66104,0.26927,0.82161,3,LARGE,book_A,book,synth_book_A_3_7906.jpg
0.37759,0.7692,0.29044,0.65452,3,LARGE,book_A,book,synth_book_A_3_2341.jpg
0.41358,0.59219,0.24492,0.93119,3,LARGE,box_cardboard,box,synth_box_cardboard_3_1317.jpg
0.34373,0.68448,0.23528,0.66957,3,LARGE,book_B_unseen,book,synth_book_B_unseen_3_9837.jpg
0.29615,0.98,0.29023,0.40292,3,LARGE,bottle_1,bottle,synth_bottle_1_3_6733.jpg
0.4251,0.64098,0.27248,0.88428,3,LARGE,cup_white,cup,synth_cup_white_3_2124.jpg
0.41558,0.76066,0.31612,0.72845,3,LARGE,mug_unseen,cup,synth_mug_unseen_3_1659.jpg
0.50487,0.77687,0.39221,0.8665,3,LARGE,mug_unseen,cup,synth_mug_unseen_3_1508.jpg
0.3759,0.61115,0.22973,0.82009,3,LARGE,cup_white,cup,synth_cup_white_3_4266.jpg
0.54504,0.73275,0.39937,0.99177,3,LARGE,ball_unseen,sports ball,synth_ball_unseen_3_1333.jpg
0.2569,0.98,0.25176,0.34953,3,LARGE,bottle_unseen,bottle,synth_bottle_unseen_3_3496.jpg
0.49006,0.71418,0.34999,0.91493,3,LARGE,cup_white,cup,synth_cup_white_3_3068.jpg
0.44329,0.54587,0.24198,1.08277,3,LARGE,box_cardboard,box,synth_box_cardboard_3_2874.jpg
0.24137,0.98,0.23654,0.3284,3,LARGE,bottle_unseen,bottle,synth_bottle_unseen_3_4571.jpg
0.48059,0.43136,0.20731,1.48549,3,LARGE,box_cardboard,box,synth_box_cardboard_3_5198.jpg
0.33934,0.6281,0.21314,0.72036,3,LARGE,mug_unseen,cup,synth_mug_unseen_3_7043.jpg
0.51319,0.69196,0.35511,0.98886,3,LARGE,cup_blue,cup,synth_cup_blue_3_2876.jpg
0.35424,0.81343,0.28815,0.58066,3,LARGE,mug_unseen,cup,synth_mug_unseen_3_3683.jpg
0.36261,0.77259,0.28015,0.6258,3,LARGE,book_A,book,synth_book_A_3_2771.jpg
0.2412,0.98,0.23638,0.32816,3,LARGE,bottle_unseen,bottle,synth_bottle_unseen_3_1420.jpg
0.44466,0.83739,0.37236,0.70801,3,LARGE,book_A,book,synth_book_A_3_7149.jpg
0.7251,0.3505,0.25415,2.75833,3,LARGE,keyboard,keyboard,synth_keyboard_3_4249.jpg
0.30543,0.98,0.29932,0.41555,3,LARGE,bottle_2,bottle,synth_bottle_2_3_4978.jpg
0.262,0.88255,0.23123,0.39582,3,LARGE,bottle_2,bottle,synth_bottle_2_3_5941.jpg
0.50621,0.67797,0.34319,0.99554,3,LARGE,ball_unseen,sports ball,synth_ball_unseen_3_2983.jpg
0.38833,0.62935,0.24439,0.8227,3,LARGE,mug_unseen,cup,synth_mug_unseen_3_1672.jpg
0.30536,0.80632,0.24621,0.50494,3,LARGE,phone_A,cell phone,synth_phone_A_3_9728.jpg
0.67284,0.35032,0.23571,2.5609,3,LARGE,keyboard,keyboard,synth_keyboard_3_7071.jpg
0.30651,0.98,0.30038,0.41702,3,LARGE,bottle_2,bottle,synth_bottle_2_3_9289.jpg
0.55539,0.44767,0.24863,1.65416,3,LARGE,shoe_unseen,shoe,synth_shoe_unseen_3_6590.jpg
0.3057,0.98,0.29958,0.41591,3,LARGE,bottle_1,bottle,synth_bottle_1_3_7882.jpg
0.46068,0.60657,0.27944,1.01264,3,LARGE,ball_unseen,sports ball,synth_ball_unseen_3_9031.jpg
0.30036,0.98,0.29436,0.40866,3,LARGE,bottle_2,bottle,synth_bottle_2_3_8102.jpg
0.35902,0.98,0.35184,0.48846,3,LARGE,phone_A,cell phone,synth_phone_A_3_8532.jpg
0.29252,0.69261,0.2026,0.56312,3,LARGE,book_B_unseen,book,synth_book_B_unseen_3_3506.jpg
0.94257,0.4016,0.37853,3.12941,3,LARGE,keyboard,keyboard,synth_keyboard_3_3885.jpg
0.4021,0.90397,0.36349,0.59309,3,LARGE,book_B_unseen,book,synth_book_B_unseen_3_9548.jpg
0.56395,0.4893,0.27594,1.53674,3,LARGE,shoe_unseen,shoe,synth_shoe_unseen_3_5425.jpg
0.28905,0.98,0.28327,0.39327,3,LARGE,bottle_unseen,bottle,synth_bottle_unseen_3_9817.jpg
0.38272,0.73653,0.28188,0.69283,3,LARGE,mug_unseen,cup,synth_mug_unseen_3_8921.jpg
0.44142,0.7032,0.31041,0.83698,3,LARGE,box_cardboard,box,synth_box_cardboard_3_8136.jpg
0.5332,0.73085,0.38969,0.97275,3,LARGE,ball_unseen,sports ball,synth_ball_unseen_3_5397.jpg
0.38095,0.92589,0.35272,0.54859,3,LARGE,phone_A,cell phone,synth_phone_A_3_5022.jpg
0.51919,0.69333,0.35997,0.99845,3,LARGE,ball_unseen,sports ball,synth_ball_unseen_3_2419.jpg
0.43679,0.65259,0.28504,0.89242,3,LARGE,book_A,book,synth_book_A_3_8385.jpg
0.4272,0.5889,0.25158,0.96723,3,LARGE,cup_white,cup,synth_cup_white_3_8613.jpg
0.2142,0.98,0.20991,0.29143,3,LARGE,bottle_unseen,bottle,synth_bottle_unseen_3_7209.jpg
0.31046,0.81963,0.25446,0.50504,3,LARGE,phone_A,cell phone,synth_phone_A_3_1470.jpg
0.51011,0.79497,0.40552,0.85556,4,VERY_LARGE,box_cardboard,box,synth_box_cardboard_4_6325.jpg
0.62002,0.91328,0.56625,0.90519,4,VERY_LARGE,cup_blue,cup,synth_cup_blue_4_8988.jpg
0.61722,0.96469,0.59543,0.85309,4,VERY_LARGE,cup_white,cup,synth_cup_white_4_6813.jpg
0.51222,0.78735,0.4033,0.86742,4,VERY_LARGE,mug_unseen,cup,synth_mug_unseen_4_5232.jpg
0.43841,0.98,0.42964,0.59648,4,VERY_LARGE,phone_A,cell phone,synth_phone_A_4_5581.jpg
0.41488,0.98,0.40659,0.56447,4,VERY_LARGE,bottle_unseen,bottle,synth_bottle_unseen_4_5526.jpg
0.46514,0.97307,0.45261,0.63735,4,VERY_LARGE,mouse_black,mouse,synth_mouse_black_4_1166.jpg
0.52531,0.98,0.51481,0.71471,4,VERY_LARGE,mouse_black,mouse,synth_mouse_black_4_4130.jpg
0.39749,0.98,0.38954,0.54081,4,VERY_LARGE,bottle_2,bottle,synth_bottle_2_4_4954.jpg
0.54985,0.98,0.53886,0.7481,4,VERY_LARGE,book_B_unseen,book,synth_book_B_unseen_4_7658.jpg
0.55635,0.85127,0.4736,0.8714,4,VERY_LARGE,box_cardboard,box,synth_box_cardboard_4_4937.jpg
0.48701,0.98,0.47727,0.6626,4,VERY_LARGE,book_B_unseen,book,synth_book_B_unseen_4_8800.jpg
0.91545,0.67258,0.61571,1.81479,4,VERY_LARGE,shoe_unseen,shoe,synth_shoe_unseen_4_9041.jpg
0.58373,0.92991,0.54282,0.83696,4,VERY_LARGE,box_cardboard,box,synth_box_cardboard_4_1282.jpg
0.42697,0.98,0.41843,0.58091,4,VERY_LARGE,bottle_2,bottle,synth_bottle_2_4_5820.jpg
0.56548,0.8214,0.46448,0.9179,4,VERY_LARGE,cup_white,cup,synth_cup_white_4_7625.jpg
0.47099,0.86914,0.40935,0.72253,4,VERY_LARGE,book_B_unseen,book,synth_book_B_unseen_4_4986.jpg
0.43182,0.96205,0.41543,0.59847,4,VERY_LARGE,book_A,book,synth_book_A_4_7046.jpg
0.59035,0.9298,0.54891,0.84657,4,VERY_LARGE,box_cardboard,box,synth_box_cardboard_4_9698.jpg
0.51,0.98,0.4998,0.69387,4,VERY_LARGE,phone_A,cell phone,synth_phone_A_4_7971.jpg
0.4737,0.91193,0.43198,0.69259,4,VERY_LARGE,book_B_unseen,book,synth_book_B_unseen_4_6419.jpg
0.44593,0.98,0.43701,0.60671,4,VERY_LARGE,phone_A,cell phone,synth_phone_A_4_8434.jpg
0.52041,0.98,0.51,0.70804,4,VERY_LARGE,book_A,book,synth_book_A_4_6023.jpg
0.57722,0.98,0.56568,0.78533,4,VERY_LARGE,book_A,book,synth_book_A_4_4777.jpg
0.40078,0.98,0.39277,0.54528,4,VERY_LARGE,bottle_2,bottle,synth_bottle_2_4_4155.jpg
0.48633,0.98,0.4766,0.66167,4,VERY_LARGE,phone_A,cell phone,synth_phone_A_4_2958.jpg
0.47331,0.98,0.46384,0.64396,4,VERY_LARGE,book_B_unseen,book,synth_book_B_unseen_4_9779.jpg
0.58085,0.96853,0.56257,0.79964,4,VERY_LARGE,mug_unseen,cup,synth_mug_unseen_4_4033.jpg
0.69808,0.94815,0.66188,0.98167,4,VERY_LARGE,cup_white,cup,synth_cup_white_4_4545.jpg
0.56939,0.98,0.558,0.77468,4,VERY_LARGE,book_B_unseen,book,synth_book_B_unseen_4_8933.jpg
0.55822,0.98,0.54705,0.75948,4,VERY_LARGE,book_A,book,synth_book_A_4_9595.jpg
0.37633,0.98,0.3688,0.51201,4,VERY_LARGE,bottle_unseen,bottle,synth_bottle_unseen_4_5636.jpg
0.39634,0.98,0.38841,0.53924,4,VERY_LARGE,bottle_2,bottle,synth_bottle_2_4_4180.jpg
0.47412,0.86514,0.41018,0.73071,4,VERY_LARGE,book_A,book,synth_book_A_4_4727.jpg
0.48853,0.98,0.47876,0.66467,4,VERY_LARGE,phone_A,cell phone,synth_phone_A_4_3939.jpg
0.60371,0.98,0.59164,0.82137,4,VERY_LARGE,book_A,book,synth_book_A_4_1231.jpg
0.62368,0.98,0.61121,0.84854,4,VERY_LARGE,book_B_unseen,book,synth_book_B_unseen_4_9751.jpg
0.64232,0.98,0.62948,0.87391,4,VERY_LARGE,cup_blue,cup,synth_cup_blue_4_5494.jpg
0.3225,0.98,0.31605,0.43878,4,VERY_LARGE,bottle_1,bottle,synth_bottle_1_4_1893.jpg
0.47513,0.91801,0.43617,0.69008,4,VERY_LARGE,mouse_black,mouse,synth_mouse_black_4_5786.jpg
0.43888,0.96401,0.42309,0.60703,4,VERY_LARGE,book_B_unseen,book,synth_book_B_unseen_4_3068.jpg
0.95162,0.64882,0.61743,1.95559,4,VERY_LARGE,shoe_unseen,shoe,synth_shoe_unseen_4_9042.jpg
0.36561,0.98,0.3583,0.49743,4,VERY_LARGE,bottle_2,bottle,synth_bottle_2_4_1200.jpg
0.34065,0.98,0.33384,0.46347,4,VERY_LARGE,bottle_unseen,bottle,synth_bottle_unseen_4_5658.jpg
0.67622,0.73293,0.49563,1.23016,4,VERY_LARGE,box_cardboard,box,synth_box_cardboard_4_8843.jpg
0.70785,0.82611,0.58476,1.14245,4,VERY_LARGE,box_cardboard,box,synth_box_cardboard_4_6582.jpg
0.56982,0.82463,0.46989,0.92134,4,VERY_LARGE,cup_blue,cup,synth_cup_blue_4_1841.jpg
0.58924,0.98,0.57746,0.80169,4,VERY_LARGE,book_A,book,synth_book_A_4_8827.jpg
0.49831,0.98,0.48834,0.67797,4,VERY_LARGE,bottle_2,bottle,synth_bottle_2_4_2070.jpg
0.96699,0.53835,0.52058,2.39497,4,VERY_LARGE,keyboard,keyboard,synth_keyboard_4_9056.jpg
0.43093,0.98,0.42232,0.58631,4,VERY_LARGE,bottle_2,bottle,synth_bottle_2_4_1878.jpg
0.67792,0.98,0.66436,0.92234,4,VERY_LARGE,cup_blue,cup,synth_cup_blue_4_3444.jpg
0.56229,0.98,0.55105,0.76502,4,VERY_LARGE,mug_unseen,cup,synth_mug_unseen_4_5978.jpg
0.37043,0.98,0.36302,0.50398,4,VERY_LARGE,bottle_2,bottle,synth_bottle_2_4_5066.jpg
0.36758,0.98,0.36023,0.50011,4,VERY_LARGE,bottle_2,bottle,synth_bottle_2_4_7818.jpg
0.32395,0.98,0.31747,0.44075,4,VERY_LARGE,bottle_unseen,bottle,synth_bottle_unseen_4_4697.jpg
0.48668,0.98,0.47695,0.66215,4,VERY_LARGE,mug_unseen,cup,synth_mug_unseen_4_9561.jpg
0.98,0.59985,0.58785,2.17833,4,VERY_LARGE,keyboard,keyboard,synth_keyboard_4_8381.jpg
0.61265,0.75978,0.46548,1.07514,4,VERY_LARGE,box_cardboard,box,synth_box_cardboard_4_5871.jpg
0.69083,0.96077,0.66374,0.95872,4,VERY_LARGE,ball_unseen,sports ball,synth_ball_unseen_4_8025.jpg
0.681,0.98,0.66738,0.92653,4,VERY_LARGE,book_A,book,synth_book_A_4_1986.jpg
0.31474,0.98,0.30845,0.42822,4,VERY_LARGE,bottle_unseen,bottle,synth_bottle_unseen_4_2625.jpg
0.69556,0.98,0.68165,0.94634,4,VERY_LARGE,mug_unseen,cup,synth_mug_unseen_4_4404.jpg
0.91694,0.60398,0.55381,2.02422,4,VERY_LARGE,shoe_unseen,shoe,synth_shoe_unseen_4_4457.jpg
0.48867,0.96016,0.4692,0.6786,4,VERY_LARGE,book_A,book,synth_book_A_4_2330.jpg
0.51978,0.87715,0.45593,0.79011,4,VERY_LARGE,cup_blue,cup,synth_cup_blue_4_4929.jpg
0.61686,0.98,0.60452,0.83927,4,VERY_LARGE,cup_blue,cup,synth_cup_blue_4_2229.jpg
0.65699,0.98,0.64385,0.89386,4,VERY_LARGE,cup_blue,cup,synth_cup_blue_4_1043.jpg
0.98,0.59704,0.5851,2.18859,4,VERY_LARGE,keyboard,keyboard,synth_keyboard_4_8381.jpg
0.53042,0.98,0.51982,0.72167,4,VERY_LARGE,book_B_unseen,book,synth_book_B_unseen_4_8699.jpg
0.58422,0.98,0.57253,0.79485,4,VERY_LARGE,book_A,book,synth_book_A_4_1534.jpg
0.54977,0.85004,0.46733,0.86234,4,VERY_LARGE,cup_white,cup,synth_cup_white_4_5720.jpg
0.54411,0.85854,0.46715,0.84502,4,VERY_LARGE,book_B_unseen,book,synth_book_B_unseen_4_5632.jpg
0.56658,0.98,0.55525,0.77086,4,VERY_LARGE,book_B_unseen,book,synth_book_B_unseen_4_8438.jpg
0.34822,0.98,0.34126,0.47378,4,VERY_LARGE,bottle_2,bottle,synth_bottle_2_4_4824.jpg
0.50235,0.87361,0.43885,0.7667,4,VERY_LARGE,book_A,book,synth_book_A_4_4241.jpg
0.98,0.56717,0.55583,2.30382,4,VERY_LARGE,keyboard,keyboard,synth_keyboard_4_2880.jpg
0.55885,0.98,0.54767,0.76034,4,VERY_LARGE,mouse_black,mouse,synth_mouse_black_4_4683.jpg
0.6569,0.64865,0.4261,1.35029,4,VERY_LARGE,shoe_unseen,shoe,synth_shoe_unseen_4_3441.jpg
0.4712,0.98,0.46177,0.64108,4,VERY_LARGE,book_A,book,synth_book_A_4_3330.jpg
0.40219,0.98,0.39415,0.5472,4,VERY_LARGE,bottle_2,bottle,synth_bottle_2_4_1977.jpg
0.54481,0.85544,0.46605,0.84917,4,VERY_LARGE,cup_blue,cup,synth_cup_blue_4_6039.jpg
0.30124,0.98,0.29522,0.40985,4,VERY_LARGE,bottle_unseen,bottle,synth_bottle_unseen_4_5728.jpg
0.64812,0.89138,0.57772,0.96947,4,VERY_LARGE,box_cardboard,box,synth_box_cardboard_4_3037.jpg
0.79406,0.81531,0.6474,1.29858,4,VERY_LARGE,box_cardboard,box,synth_box_cardboard_4_5982.jpg
0.50666,0.98,0.49653,0.68933,4,VERY_LARGE,book_B_unseen,book,synth_book_B_unseen_4_7594.jpg
0.51592,0.93059,0.48011,0.7392,4,VERY_LARGE,book_A,book,synth_book_A_4_9199.jpg
0.54978,0.98,0.53878,0.74799,4,VERY_LARGE,mouse_black,mouse,synth_mouse_black_4_9090.jpg
0.75526,0.86748,0.65517,1.16084,4,VERY_LARGE,box_cardboard,box,synth_box_cardboard_4_2317.jpg
0.41259,0.98,0.40434,0.56135,4,VERY_LARGE,bottle_unseen,bottle,synth_bottle_unseen_4_1653.jpg
0.98,0.52902,0.51844,2.46997,4,VERY_LARGE,keyboard,keyboard,synth_keyboard_4_6280.jpg
0.42303,0.98,0.41457,0.57555,4,VERY_LARGE,bottle_unseen,bottle,synth_bottle_unseen_4_5102.jpg
0.33358,0.98,0.32691,0.45385,4,VERY_LARGE,bottle_1,bottle,synth_bottle_1_4_2496.jpg
0.61775,0.98,0.60539,0.84047,4,VERY_LARGE,cup_white,cup,synth_cup_white_4_1339.jpg
0.53695,0.83477,0.44823,0.85764,4,VERY_LARGE,mug_unseen,cup,synth_mug_unseen_4_5415.jpg
0.37306,0.98,0.3656,0.50756,4,VERY_LARGE,bottle_unseen,bottle,synth_bottle_unseen_4_1659.jpg
0.519,0.7744,0.40192,0.8936,4,VERY_LARGE,mug_unseen,cup,synth_mug_unseen_4_3870.jpg
0.67565,0.98,0.66213,0.91925,4,VERY_LARGE,box_cardboard,box,synth_box_cardboard_4_9502.jpg
0.90459,0.65172,0.58954,1.85066,4,VERY_LARGE,shoe_unseen,shoe,synth_shoe_unseen_4_8245.jpg
0.50789,0.98,0.49773,0.691,4,VERY_LARGE,book_A,book,synth_book_A_4_3973.jpg
0.47111,0.98,0.46169,0.64097,5,HUGE,bottle_unseen,bottle,synth_bottle_unseen_5_8141.jpg
0.98,0.82923,0.81264,1.57576,5,HUGE,shoe_unseen,shoe,synth_shoe_unseen_5_9056.jpg
0.57741,0.98,0.56586,0.7856,5,HUGE,bottle_2,bottle,synth_bottle_2_5_8700.jpg
0.54721,0.98,0.53627,0.74451,5,HUGE,phone_A,cell phone,synth_phone_A_5_7690.jpg
0.5262,0.98,0.51568,0.71592,5,HUGE,phone_A,cell phone,synth_phone_A_5_6260.jpg
0.9788,0.73249,0.71696,1.7817,5,HUGE,shoe_unseen,shoe,synth_shoe_unseen_5_2713.jpg
0.75557,0.98,0.74045,1.02798,5,HUGE,ball_unseen,sports ball,synth_ball_unseen_5_3634.jpg
0.56799,0.98,0.55663,0.77278,5,HUGE,phone_A,cell phone,synth_phone_A_5_7744.jpg
0.61748,0.98,0.60513,0.8401,5,HUGE,book_B_unseen,book,synth_book_B_unseen_5_9117.jpg
0.70901,0.98,0.69483,0.96464,5,HUGE,book_A,book,synth_book_A_5_7561.jpg
0.84883,0.98,0.83186,1.15487,5,HUGE,ball_unseen,sports ball,synth_ball_unseen_5_1601.jpg
0.73539,0.96023,0.70615,1.02113,5,HUGE,box_cardboard,box,synth_box_cardboard_5_2442.jpg
0.51099,0.98,0.50077,0.69522,5,HUGE,phone_A,cell phone,synth_phone_A_5_5135.jpg
0.51633,0.98,0.50601,0.7025,5,HUGE,phone_A,cell phone,synth_phone_A_5_2899.jpg
0.65998,0.98,0.64678,0.89793,5,HUGE,mug_unseen,cup,synth_mug_unseen_5_7622.jpg
0.83516,0.98,0.81846,1.13627,5,HUGE,ball_unseen,sports ball,synth_ball_unseen_5_9431.jpg
0.75347,0.98,0.7384,1.02512,5,HUGE,ball_unseen,sports ball,synth_ball_unseen_5_1018.jpg
0.98,0.84848,0.83151,1.54001,5,HUGE,shoe_unseen,shoe,synth_shoe_unseen_5_9889.jpg
0.91149,0.95824,0.87342,1.26828,5,HUGE,box_cardboard,box,synth_box_cardboard_5_7770.jpg
0.48933,0.98,0.47954,0.66575,5,HUGE,bottle_1,bottle,synth_bottle_1_5_4073.jpg
0.6668,0.98,0.65346,0.90721,5,HUGE,mouse_black,mouse,synth_mouse_black_5_6927.jpg
0.43865,0.98,0.42988,0.5968,5,HUGE,bottle_unseen,bottle,synth_bottle_unseen_5_9167.jpg
0.93707,0.85898,0.80493,1.45455,5,HUGE,shoe_unseen,shoe,synth_shoe_unseen_5_8242.jpg
0.74752,0.98,0.73257,1.01703,5,HUGE,mug_unseen,cup,synth_mug_unseen_5_1845.jpg
0.838,0.98,0.82124,1.14014,5,HUGE,cup_white,cup,synth_cup_white_5_5375.jpg
0.59991,0.98,0.58791,0.8162,5,HUGE,mouse_black,mouse,synth_mouse_black_5_3146.jpg
0.64041,0.98,0.6276,0.8713,5,HUGE,book_A,book,synth_book_A_5_8178.jpg
0.62805,0.98,0.61549,0.85449,5,HUGE,book_B_unseen,book,synth_book_B_unseen_5_8941.jpg
0.54375,0.98,0.53288,0.7398,5,HUGE,bottle_2,bottle,synth_bottle_2_5_1472.jpg
0.97386,0.76642,0.74638,1.69422,5,HUGE,shoe_unseen,shoe,synth_shoe_unseen_5_4920.jpg
0.7084,0.98,0.69423,0.96381,5,HUGE,book_B_unseen,book,synth_book_B_unseen_5_3594.jpg
0.72907,0.98,0.71449,0.99194,5,HUGE,book_A,book,synth_book_A_5_1224.jpg
0.61932,0.98,0.60693,0.84261,5,HUGE,mouse_black,mouse,synth_mouse_black_5_7684.jpg
0.47195,0.98,0.46251,0.64211,5,HUGE,bottle_2,bottle,synth_bottle_2_5_4681.jpg
0.86095,0.98,0.84373,1.17136,5,HUGE,ball_unseen,sports ball,synth_ball_unseen_5_2858.jpg
0.8498,0.96538,0.82038,1.17371,5,HUGE,box_cardboard,box,synth_box_cardboard_5_2924.jpg
0.98,0.74017,0.72537,1.76536,5,HUGE,shoe_unseen,shoe,synth_shoe_unseen_5_3522.jpg
0.77294,0.98,0.75748,1.05162,5,HUGE,box_cardboard,box,synth_box_cardboard_5_5781.jpg
0.57649,0.98,0.56496,0.78435,5,HUGE,mouse_black,mouse,synth_mouse_black_5_5479.jpg
0.98,0.65902,0.64584,1.98275,5,HUGE,keyboard,keyboard,synth_keyboard_5_8905.jpg
0.7604,0.98,0.74519,1.03455,5,HUGE,box_cardboard,box,synth_box_cardboard_5_4993.jpg
0.87324,0.93193,0.81381,1.24936,5,HUGE,box_cardboard,box,synth_box_cardboard_5_3369.jpg
0.98,0.60647,0.59434,2.15454,5,HUGE,keyboard,keyboard,synth_keyboard_5_4122.jpg
0.42411,0.98,0.41563,0.57702,5,HUGE,bottle_unseen,bottle,synth_bottle_unseen_5_9327.jpg
0.69223,0.98,0.67838,0.9418,5,HUGE,book_B_unseen,book,synth_book_B_unseen_5_3236.jpg
0.80545,0.98,0.78934,1.09585,5,HUGE,ball_unseen,sports ball,synth_ball_unseen_5_2143.jpg
0.69425,0.98,0.68036,0.94456,5,HUGE,book_A,book,synth_book_A_5_7798.jpg
0.50674,0.98,0.49661,0.68944,5,HUGE,phone_A,cell phone,synth_phone_A_5_9318.jpg
0.72131,0.98,0.70688,0.98137,5,HUGE,book_A,book,synth_book_A_5_1042.jpg
0.68676,0.98,0.67303,0.93437,5,HUGE,book_A,book,synth_book_A_5_5891.jpg
0.7761,0.98,0.76058,1.05592,5,HUGE,ball_unseen,sports ball,synth_ball_unseen_5_9022.jpg
0.76932,0.98,0.75393,1.0467,5,HUGE,ball_unseen,sports ball,synth_ball_unseen_5_3434.jpg
0.75504,0.9381,0.7083,1.07315,5,HUGE,box_cardboard,box,synth_box_cardboard_5_9824.jpg
0.73791,0.98,0.72315,1.00395,5,HUGE,box_cardboard,box,synth_box_cardboard_5_6654.jpg
0.589,0.98,0.57722,0.80137,5,HUGE,phone_A,cell phone,synth_phone_A_5_9903.jpg
0.98,0.59902,0.58704,2.18133,5,HUGE,keyboard,keyboard,synth_keyboard_5_8460.jpg
0.53466,0.98,0.52397,0.72743,5,HUGE,phone_A,cell phone,synth_phone_A_5_4090.jpg
0.64057,0.98,0.62775,0.87152,5,HUGE,book_B_unseen,book,synth_book_B_unseen_5_4912.jpg
0.45648,0.98,0.44735,0.62106,5,HUGE,bottle_unseen,bottle,synth_bottle_unseen_5_7274.jpg
0.80257,0.98,0.78651,1.09193,5,HUGE,cup_white,cup,synth_cup_white_5_7730.jpg
0.45991,0.98,0.45072,0.62573,5,HUGE,bottle_1,bottle,synth_bottle_1_5_6213.jpg
0.71593,0.98,0.70161,0.97406,5,HUGE,book_B_unseen,book,synth_book_B_unseen_5_8749.jpg
0.60954,0.98,0.59735,0.82931,5,HUGE,book_B_unseen,book,synth_book_B_unseen_5_7246.jpg
0.98,0.64648,0.63355,2.0212,5,HUGE,keyboard,keyboard,synth_keyboard_5_3492.jpg
0.84113,0.96665,0.81308,1.1602,5,HUGE,box_cardboard,box,synth_box_cardboard_5_1606.jpg
0.84105,0.98,0.82423,1.14429,5,HUGE,cup_blue,cup,synth_cup_blue_5_9229.jpg
0.38808,0.98,0.38031,0.52799,5,HUGE,bottle_unseen,bottle,synth_bottle_unseen_5_6439.jpg
0.80948,0.98,0.79329,1.10133,5,HUGE,ball_unseen,sports ball,synth_ball_unseen_5_2644.jpg
0.86293,0.98,0.84567,1.17406,5,HUGE,ball_unseen,sports ball,synth_ball_unseen_5_8213.jpg
0.51001,0.98,0.49981,0.6939,5,HUGE,bottle_2,bottle,synth_bottle_2_5_9617.jpg
0.72702,0.98,0.71248,0.98914,5,HUGE,box_cardboard,box,synth_box_cardboard_5_1251.jpg
0.6852,0.98,0.6715,0.93225,5,HUGE,book_B_unseen,book,synth_book_B_unseen_5_3361.jpg
0.98,0.57189,0.56045,2.28482,5,HUGE,keyboard,keyboard,synth_keyboard_5_3529.jpg
0.51004,0.98,0.49984,0.69394,5,HUGE,bottle_2,bottle,synth_bottle_2_5_8692.jpg
0.65821,0.98,0.64504,0.89552,5,HUGE,mug_unseen,cup,synth_mug_unseen_5_5342.jpg
0.52008,0.98,0.50968,0.70759,5,HUGE,phone_A,cell phone,synth_phone_A_5_7512.jpg
0.98,0.95386,0.93479,1.36987,5,HUGE,shoe_unseen,shoe,synth_shoe_unseen_5_2315.jpg
0.85273,0.98,0.83567,1.16017,5,HUGE,ball_unseen,sports ball,synth_ball_unseen_5_6383.jpg
0.75229,0.98,0.73724,1.02352,5,HUGE,ball_unseen,sports ball,synth_ball_unseen_5_9742.jpg
0.98,0.68242,0.66877,1.91476,5,HUGE,keyboard,keyboard,synth_keyboard_5_6188.jpg
0.98,0.82763,0.81108,1.5788,5,HUGE,shoe_unseen,shoe,synth_shoe_unseen_5_8994.jpg
0.77658,0.98,0.76105,1.05658,5,HUGE,ball_unseen,sports ball,synth_ball_unseen_5_9864.jpg
0.49514,0.98,0.48524,0.67366,5,HUGE,bottle_1,bottle,synth_bottle_1_5_2121.jpg
0.76041,0.98,0.7452,1.03457,5,HUGE,cup_white,cup,synth_cup_white_5_5708.jpg
0.72174,0.98,0.70731,0.98196,5,HUGE,cup_white,cup,synth_cup_white_5_2480.jpg
0.98,0.66089,0.64767,1.97713,5,HUGE,keyboard,keyboard,synth_keyboard_5_2612.jpg
0.67857,0.98,0.665,0.92322,5,HUGE,mug_unseen,cup,synth_mug_unseen_5_2646.jpg
0.88472,0.93669,0.8287,1.25936,5,HUGE,box_cardboard,box,synth_box_cardboard_5_3725.jpg
0.59572,0.98,0.58381,0.81051,5,HUGE,book_B_unseen,book,synth_book_B_unseen_5_5906.jpg
0.46794,0.98,0.45858,0.63665,5,HUGE,bottle_1,bottle,synth_bottle_1_5_1753.jpg
0.61799,0.98,0.60563,0.8408,5,HUGE,phone_A,cell phone,synth_phone_A_5_1919.jpg
0.60291,0.98,0.59085,0.82029,5,HUGE,book_A,book,synth_book_A_5_6873.jpg
0.53187,0.98,0.52124,0.72364,5,HUGE,phone_A,cell phone,synth_phone_A_5_8056.jpg
0.6658,0.98,0.65248,0.90585,5,HUGE,cup_blue,cup,synth_cup_blue_5_5000.jpg
0.51827,0.98,0.50791,0.70513,5,HUGE,mouse_black,mouse,synth_mouse_black_5_7751.jpg
0.47397,0.98,0.46449,0.64486,5,HUGE,bottle_unseen,bottle,synth_bottle_unseen_5_3950.jpg
0.74447,0.98,0.72958,1.01288,5,HUGE,cup_blue,cup,synth_cup_blue_5_3868.jpg
0.45617,0.98,0.44705,0.62064,5,HUGE,bottle_2,bottle,synth_bottle_2_5_7267.jpg
0.4437,0.98,0.43483,0.60368,5,HUGE,bottle_unseen,bottle,synth_bottle_unseen_5_4945.jpg
0.88768,0.92224,0.81866,1.28338,5,HUGE,box_cardboard,box,synth_box_cardboard_5_3344.jpg
